Username,Create time,Teks
bayuariisandee,Mon Feb 10 04:09:21 +0000 2025,Ada nilai plus dari horror ini selain Marissa Anita tone filmnya juga segar gak gelap-gelap kayak film horror Indonesia yang serba hemat listrik.
ismailfahmi,Sun Feb 09 06:50:44 +0000 2025,@amouraXexa @hrdbacot @berlianidris Tagar #KaburAjaDulu ini sebagai reaksi frustasi atas situasi di Indonesia yang dirasakan sebagian netizen. Mereka mencari informasi lowongan kerja tip persiapan berangkat resiko yang harus dipertimbangkan dan perbandingan tinggal di Indonesia vs LN. https://t.co/H5azClgzqU
Redbullidn,Tue Feb 11 19:36:01 +0000 2025,Sedangkan di Indonesia kabinet gemuk adalah impian seseorang baru baru ini ada seorang tentara yang diangkat jadi stafsus gemukin aja terus kerja gk ada yang becus masyarakat meringis pejabat nya ongkang ongkang kaki KKN SEBENTAR LAGI MERAJA RELA DWIFUNGSI TNI. INDONESIA GELAP
Aunike_hihola,Tue Feb 11 16:21:25 +0000 2025,Sinergi dan kolaborasi dalam pemberantasan peredaran gelap narkotika di #Indonesia https://t.co/HPgHUfq3Ri
Muslim_AntiPKI9,Wed Feb 12 07:09:21 +0000 2025,INDONESIA GELAP Woooy.. Masih Pura2 Bahagia Aja Nih MENTOL
Nikueennn,Fri Feb 14 14:57:09 +0000 2025,Indonesia gelap
wlwidy,Sun Feb 09 03:18:39 +0000 2025,indonesia gelap GELAP fr
dhani,Tue Feb 11 19:36:01 +0000 2025,jam 11 suruh liat ini jadi aku ngiler bang tapi semangat terus ☺️☺️☺️
dhanu,Wed Feb 12 07:09:21 +0000 2025,haha 😍
